rule_id,pattern,canonical_tag,match_type,priority,action,enabled,rationale
location_anhui,安徽,安徽,prefix,10,remove_and_tag,true,Finite canonical location.
location_beijing,北京,北京,prefix,10,remove_and_tag,true,Finite canonical location.
location_bengbu,蚌埠,蚌埠,prefix,10,remove_and_tag,true,Finite canonical location.
location_central_china,华中,华中,prefix,10,remove_and_tag,true,Finite canonical location.
location_changsha,长沙,长沙,prefix,10,remove_and_tag,true,Finite canonical location.
location_changzhou,常州,常州,prefix,10,remove_and_tag,true,Reviewed canonical location.
location_chengdu,成都,成都,prefix,10,remove_and_tag,true,Finite canonical location.
location_chongqing,重庆,重庆,prefix,10,remove_and_tag,true,Finite canonical location.
location_dongguan,东莞,东莞,prefix,10,remove_and_tag,true,Finite canonical location.
location_east_china,华东,华东,prefix,10,remove_and_tag,true,Finite canonical location.
location_foshan,佛山,佛山,prefix,10,remove_and_tag,true,Finite canonical location.
location_guangzhou,广州,广州,prefix,10,remove_and_tag,true,Finite canonical location.
location_haikou,海口,海口,prefix,10,remove_and_tag,true,Finite canonical location.
location_hangzhou,杭州,杭州,prefix,10,remove_and_tag,true,Finite canonical location.
location_hefei,合肥,合肥,prefix,10,remove_and_tag,true,Finite canonical location.
location_henglan,横栏,横栏,prefix,10,remove_and_tag,true,Reviewed canonical location.
location_huangyan,黄岩,黄岩,prefix,10,remove_and_tag,true,Finite canonical location.
location_hubei,湖北,湖北,prefix,10,remove_and_tag,true,Reviewed canonical location.
location_jiangxi,江西,江西,prefix,10,remove_and_tag,true,Finite canonical location.
location_jinan,济南,济南,prefix,10,remove_and_tag,true,Finite canonical location.
location_jinhua,金华,金华,prefix,10,remove_and_tag,true,Reviewed canonical location.
location_kunming,昆明,昆明,prefix,10,remove_and_tag,true,Reviewed canonical location.
location_linyi,临沂,临沂,prefix,10,remove_and_tag,true,Reviewed canonical location.
location_nanchang,南昌,南昌,prefix,10,remove_and_tag,true,Finite canonical location.
location_nanjing,南京,南京,prefix,10,remove_and_tag,true,Finite canonical location.
location_ningbo,宁波,宁波,prefix,10,remove_and_tag,true,Finite canonical location.
location_north_china,华北,华北,prefix,10,remove_and_tag,true,Finite canonical location.
location_northeast_china,东北,东北,prefix,10,remove_and_tag,true,Finite canonical location.
location_northwest_china,西北,西北,prefix,10,remove_and_tag,true,Finite canonical location.
location_qingdao,青岛,青岛,prefix,10,remove_and_tag,true,Finite canonical location.
location_shanghai,上海,上海,prefix,10,remove_and_tag,true,Finite canonical location.
location_shaoxing,绍兴,绍兴,prefix,10,remove_and_tag,true,Reviewed canonical location.
location_shenzhen,深圳,深圳,prefix,10,remove_and_tag,true,Finite canonical location.
location_south_china,华南,华南,prefix,10,remove_and_tag,true,Finite canonical location.
location_southwest_china,西南,西南,prefix,10,remove_and_tag,true,Finite canonical location.
location_suzhou,苏州,苏州,prefix,10,remove_and_tag,true,Finite canonical location.
location_taiyuan,太原,太原,prefix,10,remove_and_tag,true,Reviewed canonical location.
location_tianjin,天津,天津,prefix,10,remove_and_tag,true,Finite canonical location.
location_usa,美国,美国,prefix,10,remove_and_tag,true,Finite canonical location.
location_wuhan,武汉,武汉,prefix,10,remove_and_tag,true,Finite canonical location.
location_wuxi,无锡,无锡,prefix,10,remove_and_tag,true,Finite canonical location.
location_xiamen,厦门,厦门,prefix,10,remove_and_tag,true,Finite canonical location.
location_xian,西安,西安,prefix,10,remove_and_tag,true,Finite canonical location.
location_xining,西宁,西宁,prefix,10,remove_and_tag,true,Reviewed canonical location.
location_xiongan,雄安,雄安,prefix,10,remove_and_tag,true,Reviewed canonical location.
location_xuzhou,徐州,徐州,prefix,10,remove_and_tag,true,Finite canonical location.
location_yantai,烟台,烟台,prefix,10,remove_and_tag,true,Reviewed canonical location.
location_yuyao,余姚,余姚,prefix,10,remove_and_tag,true,Finite canonical location.
location_zhengzhou,郑州,郑州,prefix,10,remove_and_tag,true,Finite canonical location.
location_zhenjiang,镇江,镇江,prefix,10,remove_and_tag,true,Reviewed canonical location.
