rule_id,category,term,match_mode,action,enabled,rationale
source_advertising_application,advertising_cue,报名,literal_substring,flag_only,true,招聘广告线索
source_advertising_direct_sign,advertising_cue,直签,literal_substring,flag_only,true,招聘广告线索
source_advertising_employment,advertising_cue,就业,literal_substring,flag_only,true,招聘广告线索
source_advertising_good_job,advertising_cue,好工作,literal_substring,flag_only,true,招聘广告线索
source_advertising_high_pay,advertising_cue,高薪,literal_substring,flag_only,true,招聘广告线索
source_advertising_recruitment,advertising_cue,招聘,literal_substring,flag_only,true,招聘广告线索
source_rail_air_airline_ticketing,rail_air,航空公司票务,literal_substring,flag_only,true,铁路或航空岗位线索
source_rail_air_airport_ground,rail_air,机场地勤,literal_substring,flag_only,true,铁路或航空岗位线索
source_rail_air_attendant,rail_air,乘务员,literal_substring,flag_only,true,铁路或航空岗位线索
source_rail_air_bullet_train,rail_air,动车,literal_substring,flag_only,true,铁路或航空岗位线索
source_rail_air_harmony,rail_air,和谐号,literal_substring,flag_only,true,铁路或航空岗位线索
source_rail_air_high_speed_rail,rail_air,高铁,literal_substring,flag_only,true,铁路或航空岗位线索
source_rail_air_land_stewardess,rail_air,陆地空姐,literal_substring,flag_only,true,铁路或航空岗位线索
source_rail_air_train_attendant,rail_air,列车员,literal_substring,flag_only,true,铁路或航空岗位线索
source_standalone_good_job_suffix,standalone_advertisement,好工作,segment_suffix,flag_only,true,标题片段结尾广告线索
source_standalone_guaranteed_employment_prefix,standalone_advertisement,百分百就业,segment_prefix,flag_only,true,标题片段开头广告线索
